<?xml version="1.0" encoding="UTF-8"?>
<project-private xmlns="http://www.netbeans.org/ns/project-private/1">
    <editor-bookmarks xmlns="http://www.netbeans.org/ns/editor-bookmarks/2" lastBookmarkId="0"/>
    <open-files xmlns="http://www.netbeans.org/ns/projectui-open-files/2">
        <group>
            <file>file:/C:/Users/franc/Downloads/Quiron/src/login/TelaEsqueceuSenha.java</file>
            <file>file:/C:/Users/franc/Downloads/Quiron/src/principal/PesquisaPaciente.java</file>
            <file>file:/C:/Users/franc/Downloads/Quiron/src/gerenciarpacientes/TelaAlterarPaciente.java</file>
            <file>file:/C:/Users/franc/Downloads/Quiron/src/cursos/TelaCursos.java</file>
            <file>file:/C:/Users/franc/Downloads/Quiron/src/cartaovacina/AlterarCartao.java</file>
            <file>file:/C:/Users/franc/Downloads/Quiron/src/relatorio/TelaRelatorios.java</file>
            <file>file:/C:/Users/franc/Downloads/Quiron/src/gerenciarpacientes/TelaCadastroPaciente.java</file>
            <file>file:/C:/Users/franc/Downloads/Quiron/src/hospital/TelaEncaminhamentos.java</file>
            <file>file:/C:/Users/franc/Downloads/Quiron/src/login/TelaLogin.java</file>
            <file>file:/C:/Users/franc/Downloads/Quiron/src/gerenciarusuarios/TelaAtivarUsuario.java</file>
            <file>file:/C:/Users/franc/Downloads/Quiron/src/gerenciarusuarios/TelaCadastroUsuario.java</file>
            <file>file:/C:/Users/franc/Downloads/Quiron/src/fichaatendimento/FichasAtendimento.java</file>
            <file>file:/C:/Users/franc/Downloads/Quiron/src/main/Main.java</file>
            <file>file:/C:/Users/franc/Downloads/Quiron/src/principal/TelaPrincipal.java</file>
            <file>file:/C:/Users/franc/Downloads/Quiron/src/gerenciarusuarios/TelaAlteraUsuario.java</file>
        </group>
    </open-files>
</project-private>
